DisNo.,Historic,Classification Key,Disaster Group,Disaster Subgroup,Disaster Type,Disaster Subtype,External IDs,Event Name,ISO,Country,Subregion,Region,Location,Origin,Associated Types,OFDA/BHA Response,Appeal,Declaration,AID Contribution ('000 US$),Magnitude,Magnitude Scale,Latitude,Longitude,River Basin,Start Year,Start Month,Start Day,End Year,End Month,End Day,Total Deaths,No. Injured,No. Affected,No. Homeless,Total Affected,Reconstruction Costs ('000 US$),"Reconstruction Costs, Adjusted ('000 US$)",Insured Damage ('000 US$),"Insured Damage, Adjusted ('000 US$)",Total Damage ('000 US$),"Total Damage, Adjusted ('000 US$)",CPI,Admin Units,Entry Date,Last Update
2000-0128-USA,No,nat-cli-wil-for,Natural,Climatological,Wildfire,Forest fire,,,USA,United States of America,Northern America,Americas,"Gainesville, Alachua areas (Alachua district, Florida province), Lafayette, Gulf districts (Florida province)",,,No,No,No,,113,Km2,,,,2000,2,26,2000,2,26,,,600,,600,,,,,,,56.5142905592776,"[{""adm2_code"":28998,""adm2_name"":""Alachua""},{""adm2_code"":29019,""adm2_name"":""Gulf""},{""adm2_code"":29030,""adm2_name"":""Lafayette""}]",2003-07-01,2023-09-25
2000-0240-USA,No,nat-cli-wil-for,Natural,Climatological,Wildfire,Forest fire,,,USA,United States of America,Northern America,Americas,"Los Alamos, Rio Arriba, Sandoval, Santa Fe districts (New Mexico province)",,,No,No,No,,194,Km2,,,,2000,5,,2000,9,,,,25000,400,25400,,,200500,354778,1500000,2654196,56.5142905592776,"[{""adm2_code"":30487,""adm2_name"":""Los Alamos""},{""adm2_code"":30493,""adm2_name"":""Rio Arriba""},{""adm2_code"":30497,""adm2_name"":""Sandoval""},{""adm2_code"":30498,""adm2_name"":""Santa Fe""}]",2006-08-15,2023-09-25
2000-0279-USA,No,nat-cli-wil-for,Natural,Climatological,Wildfire,Forest fire,,,USA,United States of America,Northern America,Americas,Sarasota district (Florida province),,,No,No,No,,16,Km2,,,,2000,5,14,2000,5,14,,,,,,,,,,,,56.5142905592776,"[{""adm2_code"":29053,""adm2_name"":""Sarasota""}]",2003-07-01,2023-09-25
2000-0363-USA,No,nat-cli-wil-for,Natural,Climatological,Wildfire,Forest fire,,,USA,United States of America,Northern America,Americas,"Park, Jefferson, Larimer districts (Colorado province)",,,No,No,No,,85,Km2,,,,2000,6,12,2000,6,12,,,800,210,1010,,,,,,,56.5142905592776,"[{""adm2_code"":28957,""adm2_name"":""Larimer""},{""adm2_code"":28969,""adm2_name"":""Park""},{""adm2_code"":154741,""adm2_name"":""Jefferson""}]",2003-07-01,2023-09-25
2000-0406-USA,No,nat-cli-wil-for,Natural,Climatological,Wildfire,Forest fire,,,USA,United States of America,Northern America,Americas,"Hanford area (Benton district, Washington province)",,,No,No,No,,607,Km2,,,,2000,6,27,2000,6,27,,2,8000,75,8077,,,,,,,56.5142905592776,"[{""adm2_code"":31632,""adm2_name"":""Benton""}]",2003-07-01,2023-09-25
2000-0450-USA,No,nat-cli-wil-for,Natural,Climatological,Wildfire,Forest fire,,,USA,United States of America,Northern America,Americas,Alaska province,,,No,No,No,,2363,Km2,,,,2000,7,,2000,7,,,,,,,,,,,,,56.5142905592776,"[{""adm1_code"":3215,""adm1_name"":""Alaska""}]",2003-07-01,2023-09-25
2000-0465-USA,No,nat-cli-wil-for,Natural,Climatological,Wildfire,Forest fire,,,USA,United States of America,Northern America,Americas,"Arizona, California, Colorado, Idaho, Montana, Nevada, New Mexico, Oregon, South Dakota, Texas, Utah, Washington, Wyoming, Florida, North Dakota provinces",,,No,No,No,,680000,Km2,,,,2000,7,,2000,8,,14,,1000,,1000,,,,,1000000,1769464,56.5142905592776,"[{""adm1_code"":3216,""adm1_name"":""Arizona""},{""adm1_code"":3218,""adm1_name"":""California""},{""adm1_code"":3219,""adm1_name"":""Colorado""},{""adm1_code"":3223,""adm1_name"":""Florida""},{""adm1_code"":3226,""adm1_name"":""Idaho""},{""adm1_code"":3240,""adm1_name"":""Montana""},{""adm1_code"":3242,""adm1_name"":""Nevada""},{""adm1_code"":3245,""adm1_name"":""New Mexico""},{""adm1_code"":3248,""adm1_name"":""North Dakota""},{""adm1_code"":3251,""adm1_name"":""Oregon""},{""adm1_code"":3255,""adm1_name"":""South Dakota""},{""adm1_code"":3257,""adm1_name"":""Texas""},{""adm1_code"":3258,""adm1_name"":""Utah""},{""adm1_code"":3261,""adm1_name"":""Washington""},{""adm1_code"":3264,""adm1_name"":""Wyoming""}]",2007-08-27,2023-09-25
2001-0303-USA,No,nat-cli-wil-for,Natural,Climatological,Wildfire,Forest fire,,,USA,United States of America,Northern America,Americas,Florida province,,,No,No,No,,1030,Km2,,,,2001,4,,2001,4,,1,10,129,,139,,,,,,,58.1114743743821,"[{""adm1_code"":3223,""adm1_name"":""Florida""}]",2003-07-01,2023-09-25
2001-0340-CAN,No,nat-cli-wil-for,Natural,Climatological,Wildfire,Forest fire,,,CAN,Canada,Northern America,Americas,Alberta province,,,No,No,No,,,Km2,,,,2001,5,28,2001,5,28,,,1200,,1200,,,,,,,58.1114743743821,"[{""adm1_code"":825,""adm1_name"":""Alberta""}]",2003-07-01,2023-09-25
2001-0451-USA,No,nat-cli-wil-for,Natural,Climatological,Wildfire,Forest fire,,,USA,United States of America,Northern America,Americas,"Oregon, Washington, Idaho, California, Nevada, Colorado, Arizona, Wyoming, Texas, Oklahoma provinces",,,No,No,No,,797,Km2,,,,2001,8,,2001,8,,,,,,,,,,,,,58.1114743743821,"[{""adm1_code"":3216,""adm1_name"":""Arizona""},{""adm1_code"":3218,""adm1_name"":""California""},{""adm1_code"":3219,""adm1_name"":""Colorado""},{""adm1_code"":3226,""adm1_name"":""Idaho""},{""adm1_code"":3242,""adm1_name"":""Nevada""},{""adm1_code"":3250,""adm1_name"":""Oklahoma""},{""adm1_code"":3251,""adm1_name"":""Oregon""},{""adm1_code"":3257,""adm1_name"":""Texas""},{""adm1_code"":3261,""adm1_name"":""Washington""},{""adm1_code"":3264,""adm1_name"":""Wyoming""}]",2003-07-01,2023-09-25
2001-0722-USA,No,nat-cli-wil-for,Natural,Climatological,Wildfire,Forest fire,,,USA,United States of America,Northern America,Americas,"Tennessee, Kentucky, West Virginia, Virginia, Georgia provinces",,,No,No,No,,283,Km2,,,,2001,10,30,2001,10,30,1,,,,,,,,,,,58.1114743743821,"[{""adm1_code"":3224,""adm1_name"":""Georgia""},{""adm1_code"":3231,""adm1_name"":""Kentucky""},{""adm1_code"":3256,""adm1_name"":""Tennessee""},{""adm1_code"":3260,""adm1_name"":""Virginia""},{""adm1_code"":3262,""adm1_name"":""West Virginia""}]",2003-07-01,2023-09-25
2002-0092-USA,No,nat-cli-wil-for,Natural,Climatological,Wildfire,Forest fire,,,USA,United States of America,Northern America,Americas,"Fallbrok area (San Diego district, Californie province)",,,No,No,No,,23,Km2,,,,2002,2,10,2002,2,10,,11,,123,134,,,,,6600,11180,59.0331440786142,"[{""adm2_code"":28901,""adm2_name"":""San Diego""}]",2005-05-03,2023-09-25
2002-0184-USA,No,nat-cli-wil-for,Natural,Climatological,Wildfire,Forest fire,,,USA,United States of America,Northern America,Americas,Lincoln district (New Mexico province),,,No,No,No,,149,Km2,,,,2002,3,,2002,3,,,,,1300,1300,,,,,5000,8470,59.0331440786142,"[{""adm2_code"":30486,""adm2_name"":""Lincoln""}]",2003-07-01,2023-09-25
2002-0312-USA,No,nat-cli-wil-lan,Natural,Climatological,Wildfire,"Land fire (Brush, Bush, Pasture)",,,USA,United States of America,Northern America,Americas,Arizona province,,,No,No,No,,145,Km2,,,,2002,4,,2002,4,,,,,,,,,,,,,59.0331440786142,"[{""adm1_code"":3216,""adm1_name"":""Arizona""}]",2003-07-01,2023-09-25
2002-0331-USA,No,nat-cli-wil-for,Natural,Climatological,Wildfire,Forest fire,,,USA,United States of America,Northern America,Americas,"Georgia, Alaska provinces",,,No,No,No,,414,Km2,,,,2002,5,,2002,5,,,,,,,,,,,,,59.0331440786142,"[{""adm1_code"":3215,""adm1_name"":""Alaska""},{""adm1_code"":3224,""adm1_name"":""Georgia""}]",2003-07-01,2023-09-25
2002-0351-USA,No,nat-cli-wil-for,Natural,Climatological,Wildfire,Forest fire,,,USA,United States of America,Northern America,Americas,Colorado province,,,No,No,No,,770,Km2,,,,2002,6,8,2002,6,8,,,1500,72,1572,,,,,20000,33879,59.0331440786142,"[{""adm1_code"":3219,""adm1_name"":""Colorado""}]",2003-07-01,2023-09-25
2002-0379-USA,No,nat-cli-wil-for,Natural,Climatological,Wildfire,Forest fire,,,USA,United States of America,Northern America,Americas,Arizona province,,,No,No,No,,1320,Km2,,,,2002,6,20,2002,6,20,,,,1269,1269,,,,,200500,339640,59.0331440786142,"[{""adm1_code"":3216,""adm1_name"":""Arizona""}]",2003-07-01,2023-09-25
2002-0409-CAN,No,nat-cli-wil-for,Natural,Climatological,Wildfire,Forest fire,,,CAN,Canada,Northern America,Americas,"Lac-Saint-Jean-Est, Le Domaine-du-Roy, Le Saguenay-et-son-Fjord, Maria-Chapdelaine, Nord-du-Québec districts (Quebec / Québec province)",,,No,No,No,,2670,Km2,,,,2002,7,,2002,7,,,,600,,600,,,,,,,59.0331440786142,"[{""adm2_code"":12739,""adm2_name"":""Lac-Saint-Jean-Est""},{""adm2_code"":12744,""adm2_name"":""Le Domaine-du-Roy""},{""adm2_code"":12745,""adm2_name"":""Le Saguenay-et-son-Fjord""},{""adm2_code"":12766,""adm2_name"":""Maria-Chapdelaine""},{""adm2_code"":12776,""adm2_name"":""Nord-du-Québec""}]",2003-07-01,2023-09-25
2002-0618-USA,No,nat-cli-wil-for,Natural,Climatological,Wildfire,Forest fire,,,USA,United States of America,Northern America,Americas,"Claremont, Glendora, La Verne areas (Los Angeles district, California province))",,,No,No,No,,93,Km2,,,,2002,9,22,2002,9,22,,,2000,213,2213,,,,,,,59.0331440786142,"[{""adm2_code"":28883,""adm2_name"":""Los Angeles""}]",2003-07-01,2023-09-25
2002-0625-USA,No,nat-cli-wil-for,Natural,Climatological,Wildfire,Forest fire,,,USA,United States of America,Northern America,Americas,Oregon province,,,No,No,No,,2023,Km2,,,,2002,7,,2002,7,,,,,,,,,,,,,59.0331440786142,"[{""adm1_code"":3251,""adm1_name"":""Oregon""}]",2003-07-01,2023-09-25
2003-0299-USA,No,nat-cli-wil-for,Natural,Climatological,Wildfire,Forest fire,,,USA,United States of America,Northern America,Americas,"Summerhaven area (Pima district, Arizona province), Lemmon mount (Pima district, Arizona province)",,,No,No,No,,16,Km2,,,,2003,6,17,2003,6,20,,,,750,750,,,,,,,60.3732510662594,"[{""adm2_code"":28785,""adm2_name"":""Pima""}]",2003-06-26,2023-09-25
2003-0369-CAN,No,nat-cli-wil-for,Natural,Climatological,Wildfire,Forest fire,,,CAN,Canada,Northern America,Americas,"British Columbia, Alberta, Saskatchewan, Manitoba provinces",,,No,No,No,,2500,Km2,,,,2003,8,1,2003,9,14,1,,,,,,,155000,256736,545000,902718,60.3732510662594,"[{""adm1_code"":825,""adm1_name"":""Alberta""},{""adm1_code"":826,""adm1_name"":""British Columbia / Colombie-Britannique""},{""adm1_code"":827,""adm1_name"":""Manitoba""},{""adm1_code"":836,""adm1_name"":""Saskatchewan""}]",2004-03-10,2023-09-25
2003-0518-USA,No,nat-cli-wil-for,Natural,Climatological,Wildfire,Forest fire,,,USA,United States of America,Northern America,Americas,"Fontana, Rancho Cucamonga areas (San Bernardino district, California province)",,,No,No,Yes,,1133,Km2,,,,2003,10,25,2003,11,4,14,104,27000,,27104,,,2000000,3312725,,,60.3732510662594,"[{""adm2_code"":28900,""adm2_name"":""San Bernardino""}]",2004-03-10,2023-09-25
2003-0786-USA,No,nat-cli-wil-for,Natural,Climatological,Wildfire,Forest fire,,,USA,United States of America,Northern America,Americas,San Bernardino district (California province),,,No,No,No,,607,Km2,,,,2003,10,21,2003,11,4,4,40,,,40,,,800000,1325090,3500000,5797269,60.3732510662594,"[{""adm2_code"":28900,""adm2_name"":""San Bernardino""}]",2006-01-13,2023-09-25
2004-0196-USA,No,nat-cli-wil-for,Natural,Climatological,Wildfire,Forest fire,,,USA,United States of America,Northern America,Americas,"Los Angeles, Riverside, San Diego, Santa Barbara districts (California province)",,Heat wave,No,No,No,,66,Km2,,,,2004,5,2,2004,5,4,,,15000,,15000,,,,,,,61.9895859343217,"[{""adm2_code"":28883,""adm2_name"":""Los Angeles""},{""adm2_code"":28897,""adm2_name"":""Riverside""},{""adm2_code"":28901,""adm2_name"":""San Diego""},{""adm2_code"":28906,""adm2_name"":""Santa Barbara""}]",2004-05-10,2023-09-25
2004-0348-USA,No,nat-cli-wil-for,Natural,Climatological,Wildfire,Forest fire,,,USA,United States of America,Northern America,Americas,"Carson City district (Nevada province), Los Angeles district (California province)",,Heat wave|Storm,No,No,No,,68,Km2,,,,2004,7,12,2004,7,16,,,200,42,242,,,,,,,61.9895859343217,"[{""adm2_code"":28883,""adm2_name"":""Los Angeles""},{""adm2_code"":30424,""adm2_name"":""Carson City""}]",2004-08-02,2023-09-25
2004-0446-USA,No,nat-cli-wil-for,Natural,Climatological,Wildfire,Forest fire,,,USA,United States of America,Northern America,Americas,"Shasta Lake area (Shasta districts, California province)",,,No,No,No,,4046,Km2,,,,2004,8,13,2004,8,14,,5,,240,245,,,,,,,61.9895859343217,"[{""adm2_code"":28909,""adm2_name"":""Shasta""}]",2004-08-30,2023-09-25
2005-0383-CAN,No,nat-cli-wil-for,Natural,Climatological,Wildfire,Forest fire,,,CAN,Canada,Northern America,Americas,Québec province,,,No,No,No,,4000,Km2,,,,2005,7,,2005,7,,,,,,,,,,,,,64.0927402574269,"[{""adm1_code"":835,""adm1_name"":""Quebec / Québec""}]",2005-07-19,2023-09-25
2005-0460-CAN,No,nat-cli-wil-for,Natural,Climatological,Wildfire,Forest fire,,,CAN,Canada,Northern America,Americas,Ontario province,Dry wetaher and heat wave,,No,No,No,,275,Km2,,,,2005,8,,2005,8,,,,,,,,,,,,,64.0927402574269,"[{""adm1_code"":833,""adm1_name"":""Ontario""}]",2005-09-06,2023-09-25
2005-0724-USA,No,nat-cli-wil-for,Natural,Climatological,Wildfire,Forest fire,,,USA,United States of America,Northern America,Americas,"Texas, Oklahoma provinces",,,No,No,Yes,,,Km2,,,,2005,12,27,2006,1,4,5,,,1410,1410,,,,,100000,156024,64.0927402574269,"[{""adm1_code"":3250,""adm1_name"":""Oklahoma""},{""adm1_code"":3257,""adm1_name"":""Texas""}]",2007-01-17,2023-09-25
2006-0374-USA,No,nat-cli-wil-wil,Natural,Climatological,Wildfire,Wildfire (General),,,USA,United States of America,Northern America,Americas,California province,,,No,No,Yes,,350,Km2,,,,2006,7,9,2006,7,14,1,17,,150,167,,,,,16000,24184,66.1603305617979,"[{""adm1_code"":3218,""adm1_name"":""California""}]",2006-07-20,2023-09-25
2006-0576-USA,No,nat-cli-wil-lan,Natural,Climatological,Wildfire,"Land fire (Brush, Bush, Pasture)",,,USA,United States of America,Northern America,Americas,"Riverside, Palm Springs cities (Riverside district, California province), San Diego district (California province)",,,No,No,Yes,,,Km2,,,,2006,10,26,2006,10,27,4,1,,102,103,,,,,25000,37787,66.1603305617979,"[{""adm2_code"":28897,""adm2_name"":""Riverside""},{""adm2_code"":28901,""adm2_name"":""San Diego""}]",2008-03-28,2023-09-25
2006-0662-USA,No,nat-cli-wil-lan,Natural,Climatological,Wildfire,"Land fire (Brush, Bush, Pasture)",,,USA,United States of America,Northern America,Americas,Ventura district (California province),,,No,No,Yes,,,Km2,,,,2006,12,3,2006,12,6,,,,15,15,,,,,25000,37787,66.1603305617979,"[{""adm2_code"":28920,""adm2_name"":""Ventura""}]",2008-03-28,2023-09-25
2006-0759-USA,No,nat-cli-wil-wil,Natural,Climatological,Wildfire,Wildfire (General),,East Amarillo Complex Fire,USA,United States of America,Northern America,Americas,Texas,,,No,No,No,,,Km2,,,,2006,3,,2006,3,,12,,,300,300,,,,,150000,226722,66.1603305617979,"[{""adm1_code"":3257,""adm1_name"":""Texas""}]",2024-03-11,2024-04-09
2007-0351-USA,No,nat-cli-wil-for,Natural,Climatological,Wildfire,Forest fire,,,USA,United States of America,Northern America,Americas,"Alpine, Amador, Calaveras, El Dorado, Mono, Placer, Tuolumne districts (California province)",,,No,No,No,,,Km2,,,,2007,6,24,2007,7,2,,,,768,768,,,150000,220434,,,68.0476738315874,"[{""adm2_code"":28866,""adm2_name"":""Alpine""},{""adm2_code"":28867,""adm2_name"":""Amador""},{""adm2_code"":28869,""adm2_name"":""Calaveras""},{""adm2_code"":28873,""adm2_name"":""El Dorado""},{""adm2_code"":28890,""adm2_name"":""Mono""},{""adm2_code"":28895,""adm2_name"":""Placer""},{""adm2_code"":28919,""adm2_name"":""Tuolumne""}]",2008-10-21,2023-09-25
2007-0519-USA,No,nat-cli-wil-lan,Natural,Climatological,Wildfire,"Land fire (Brush, Bush, Pasture)",,,USA,United States of America,Northern America,Americas,"Los Angeles, Orange, Riverside, San Bernardino, San Diego, Santa Barbara, Ventura districts (California province)",,Storm,No,No,Yes,,,Km2,,,,2007,10,21,2007,10,24,8,64,640000,,640064,,,1900000,2792160,2500000,3673895,68.0476738315874,"[{""adm2_code"":28883,""adm2_name"":""Los Angeles""},{""adm2_code"":28894,""adm2_name"":""Orange""},{""adm2_code"":28897,""adm2_name"":""Riverside""},{""adm2_code"":28900,""adm2_name"":""San Bernardino""},{""adm2_code"":28901,""adm2_name"":""San Diego""},{""adm2_code"":28906,""adm2_name"":""Santa Barbara""},{""adm2_code"":28920,""adm2_name"":""Ventura""}]",2008-03-12,2023-09-25
2007-0579-USA,No,nat-cli-wil-for,Natural,Climatological,Wildfire,Forest fire,,,USA,United States of America,Northern America,Americas,"Malibu area (Los Angeles district, California province)",,,No,No,No,,,Km2,,,,2007,11,24,2007,11,27,,,10000,159,10159,,,,,315000,462911,68.0476738315874,"[{""adm2_code"":28883,""adm2_name"":""Los Angeles""}]",2008-03-12,2023-09-25
2008-0253-USA,No,nat-cli-wil-for,Natural,Climatological,Wildfire,Forest fire,,,USA,United States of America,Northern America,Americas,California province,"Lightening, drought, wind",,No,No,Yes,,3500,Km2,,,,2008,6,20,2008,7,9,1,,,300,300,,,,,102000,144353,70.6600890345053,"[{""adm1_code"":3218,""adm1_name"":""California""}]",2008-08-12,2023-09-25
2008-0524-USA,No,nat-cli-wil-wil,Natural,Climatological,Wildfire,Wildfire (General),,,USA,United States of America,Northern America,Americas,"Los Angeles, Orange, Riverside, Santa Barbara districts (California province)",,,No,No,Yes,,,Km2,,,,2008,11,13,2008,11,18,,20,55000,,55020,,,600000,849136,2000000,2830452,70.6600890345053,"[{""adm2_code"":28883,""adm2_name"":""Los Angeles""},{""adm2_code"":28894,""adm2_name"":""Orange""},{""adm2_code"":28897,""adm2_name"":""Riverside""},{""adm2_code"":28906,""adm2_name"":""Santa Barbara""}]",2009-01-14,2023-09-25
2009-0178-USA,No,nat-cli-wil-lan,Natural,Climatological,Wildfire,"Land fire (Brush, Bush, Pasture)",,,USA,United States of America,Northern America,Americas,Santa Barbara district (California province),Record temperatures and strong winds,,No,No,No,,,Km2,,,,2009,5,5,2009,5,11,,29,,234,263,,,,,100000,142028,70.4088617569341,"[{""adm2_code"":28906,""adm2_name"":""Santa Barbara""}]",2010-03-07,2023-09-25
2009-0349-USA,No,nat-cli-wil-lan,Natural,Climatological,Wildfire,"Land fire (Brush, Bush, Pasture)",,,USA,United States of America,Northern America,Americas,"Los Angeles, Monterey districts (California province)",,,No,No,Yes,,,Km2,,,,2009,7,7,2009,10,27,2,,,192,192,,,,,,,70.4088617569341,"[{""adm2_code"":28883,""adm2_name"":""Los Angeles""},{""adm2_code"":28891,""adm2_name"":""Monterey""}]",2010-01-12,2023-09-25
2011-0140-USA,No,nat-cli-wil-lan,Natural,Climatological,Wildfire,"Land fire (Brush, Bush, Pasture)",,,USA,United States of America,Northern America,Americas,Texas province,,,No,No,No,,,Km2,,,,2011,4,9,2011,4,30,2,5,,1300,1305,,,,,183000,247891,73.822750859736,"[{""adm1_code"":3257,""adm1_name"":""Texas""}]",2012-01-03,2023-09-25
2011-0349-USA,No,nat-cli-wil-for,Natural,Climatological,Wildfire,Forest fire,,,USA,United States of America,Northern America,Americas,Bastrop district (Texas province),"Drought, high temperatures and strong winds",,No,No,No,,,Km2,,,,2011,9,4,2011,9,9,4,,,4800,4800,,,450000,609568,1000000,1354596,73.822750859736,"[{""adm2_code"":31210,""adm2_name"":""Bastrop""}]",2012-04-05,2023-09-25
2011-0630-CAN,No,nat-cli-wil-for,Natural,Climatological,Wildfire,Forest fire,,,CAN,Canada,Northern America,Americas,"Slave Lake area (Division No. 17 district, Alberta province)","Dry conditions, strong winds",,No,No,No,,,Km2,,,,2011,5,14,2011,5,16,1,,,7000,7000,,,720000,975309,1500000,2031894,73.822750859736,"[{""adm2_code"":12536,""adm2_name"":""Division No. 17""}]",2012-04-05,2023-09-25
2011-0639-USA,No,nat-cli-wil-for,Natural,Climatological,Wildfire,Forest fire,,,USA,United States of America,Northern America,Americas,"Arizona, Minnesota, Texas, Florida provinces",Drought conditions and strong winds,,No,No,No,,,Km2,,,,2011,5,29,2011,6,23,2,,,,,,,,,200000,270919,73.822750859736,"[{""adm1_code"":3216,""adm1_name"":""Arizona""},{""adm1_code"":3223,""adm1_name"":""Florida""},{""adm1_code"":3237,""adm1_name"":""Minnesota""},{""adm1_code"":3257,""adm1_name"":""Texas""}]",2012-04-05,2023-09-25
2012-0232-USA,No,nat-cli-wil-wil,Natural,Climatological,Wildfire,Wildfire (General),,Waldo Canyon Fire,USA,United States of America,Northern America,Americas,"Colorado Springs city (El Paso district, Colorado province)",,,No,No,Yes,,,Km2,,,,2012,6,23,2012,7,10,2,,,1038,1038,,,450000,597210,600000,796280,75.3503857046957,"[{""adm2_code"":28942,""adm2_name"":""El Paso""}]",2013-01-07,2023-09-25
2012-0542-USA,No,nat-cli-wil-wil,Natural,Climatological,Wildfire,Wildfire (General),,,USA,United States of America,Northern America,Americas,"Cleveland, Creek, Oklahoma, Payne districts (Oklahoma province)",,,No,No,No,,,Km2,,,,2012,8,3,2012,8,8,1,,1809,,1809,,,,,200000,265427,75.3503857046957,"[{""adm2_code"":30821,""adm2_name"":""Cleveland""},{""adm2_code"":30826,""adm2_name"":""Creek""},{""adm2_code"":30862,""adm2_name"":""Oklahoma""},{""adm2_code"":30867,""adm2_name"":""Payne""}]",2013-01-31,2023-09-25
2013-0209-USA,No,nat-cli-wil-for,Natural,Climatological,Wildfire,Forest fire,,,USA,United States of America,Northern America,Americas,Los Angeles district (California province),"Hot temperatures, gusty winds, dry forest conditions",,No,No,No,,,Km2,,,,2013,5,30,2013,6,8,,8,12,90,110,,,,,21400,27991,76.454145985163,"[{""adm2_code"":28883,""adm2_name"":""Los Angeles""}]",2013-11-20,2023-09-25
2013-0210-USA,No,nat-cli-wil-for,Natural,Climatological,Wildfire,Forest fire,,,USA,United States of America,Northern America,Americas,"Black Forest area (El Paso district, Colorado province)",,,No,No,No,,,Km2,,,,2013,6,6,2013,6,20,2,,84,1533,1617,,,450000,588588,500000,653987,76.454145985163,"[{""adm2_code"":28942,""adm2_name"":""El Paso""}]",2014-03-20,2023-09-25
2013-0212-USA,No,nat-cli-wil-for,Natural,Climatological,Wildfire,Forest fire,,,USA,United States of America,Northern America,Americas,"Yarnell area (Yavapai district, Arizona province)",,,No,No,No,,,Km2,,,,2013,6,28,2013,7,12,19,,,387,387,,,,,2000,2616,76.454145985163,"[{""adm2_code"":28788,""adm2_name"":""Yavapai""}]",2013-07-16,2023-09-25
2013-0315-USA,No,nat-cli-wil-wil,Natural,Climatological,Wildfire,Wildfire (General),,,USA,United States of America,Northern America,Americas,"Yosemite valley (Mariposa district, California province)",,,No,No,Yes,,,Km2,,,,2013,8,3,2013,9,1,,3,,33,36,,,,,175000,228895,76.454145985163,"[{""adm2_code"":28886,""adm2_name"":""Mariposa""}]",2013-09-12,2023-09-25
2013-0404-USA,No,nat-cli-wil-wil,Natural,Climatological,Wildfire,Wildfire (General),,,USA,United States of America,Northern America,Americas,Shasta district (California province),,,No,No,No,,,Km2,,,,2013,9,9,2013,9,15,1,6,15,204,225,,,,,10000,13080,76.454145985163,"[{""adm2_code"":28909,""adm2_name"":""Shasta""}]",2013-10-28,2023-09-25
2014-0165-USA,No,nat-cli-wil-for,Natural,Climatological,Wildfire,Forest fire,,,USA,United States of America,Northern America,Americas,"Hutchinson district (Texas province), San Diego district (California province)","Excessive heat, drougth and winds",,No,No,No,,,Km2,,,,2014,5,11,2014,5,20,2,,429,,429,,,,,100000,128709,77.6944061345599,"[{""adm2_code"":28901,""adm2_name"":""San Diego""},{""adm2_code"":31316,""adm2_name"":""Hutchinson""}]",2014-05-15,2023-09-25
2015-0275-CAN,No,nat-cli-wil-for,Natural,Climatological,Wildfire,Forest fire,,,CAN,Canada,Northern America,Americas,"Saskatchewan, Alberta, British Columbia provinces","Hot, dry and windy conditions",,No,No,No,,,Km2,,,,2015,7,1,2015,7,10,,,13000,36,13036,,,,,,,77.7865676599233,"[{""adm1_code"":825,""adm1_name"":""Alberta""},{""adm1_code"":826,""adm1_name"":""British Columbia / Colombie-Britannique""},{""adm1_code"":836,""adm1_name"":""Saskatchewan""}]",2015-07-23,2025-03-17
2015-0312-USA,No,nat-cli-wil-wil,Natural,Climatological,Wildfire,Wildfire (General),,,USA,United States of America,Northern America,Americas,"Lake, Napa, Solano, Yolo, Modoc, Colusa districts (California province)","Drought conditions, gusty winds, warm temperatures, lightening",,No,No,Yes,,,Km2,,,,2015,7,22,2015,8,13,1,,,129,129,,,,,2000,2571,77.7865676599233,"[{""adm2_code"":28870,""adm2_name"":""Colusa""},{""adm2_code"":28881,""adm2_name"":""Lake""},{""adm2_code"":28889,""adm2_name"":""Modoc""},{""adm2_code"":28892,""adm2_name"":""Napa""},{""adm2_code"":28912,""adm2_name"":""Solano""},{""adm2_code"":28921,""adm2_name"":""Yolo""}]",2015-08-03,2023-09-25
2015-0401-USA,No,nat-cli-wil-wil,Natural,Climatological,Wildfire,Wildfire (General),,Valley Fire,USA,United States of America,Northern America,Americas,"California, Idaho, Montana, Oregon, Washington provinces","High temperature, Ligthning",Pollution,No,No,No,,,Km2,,,,2015,8,13,2015,8,31,4,8,600,3900,4508,,,,,150000,192835,77.7865676599233,"[{""adm1_code"":3218,""adm1_name"":""California""},{""adm1_code"":3226,""adm1_name"":""Idaho""},{""adm1_code"":3240,""adm1_name"":""Montana""},{""adm1_code"":3251,""adm1_name"":""Oregon""},{""adm1_code"":3261,""adm1_name"":""Washington""}]",2015-09-04,2023-09-25
2015-0421-USA,No,nat-cli-wil-lan,Natural,Climatological,Wildfire,"Land fire (Brush, Bush, Pasture)",GLIDE:WF-2015-000125,,USA,United States of America,Northern America,Americas,"Lake, Napa, Sonoma, Butte districts (California province)","High tempertaures, gusty winds, dry soil, vast swathes of dried vegetation and brush",,No,No,Yes,,,Km2,,,,2015,9,13,2015,9,20,4,,,7302,7302,,,960000,1234146,1400000,1799797,77.7865676599233,"[{""adm2_code"":28868,""adm2_name"":""Butte""},{""adm2_code"":28881,""adm2_name"":""Lake""},{""adm2_code"":28892,""adm2_name"":""Napa""},{""adm2_code"":28913,""adm2_name"":""Sonoma""}]",2015-09-28,2025-03-12
2015-0613-USA,No,nat-cli-wil-lan,Natural,Climatological,Wildfire,"Land fire (Brush, Bush, Pasture)",,Butte fire,USA,United States of America,Northern America,Americas,"Amador, Calaveras (California)",,,No,No,No,,,Km2,,,,2015,9,9,2015,9,14,3,,,1425,1425,,,450000,578506,400000,514228,77.7865676599233,"[{""adm2_code"":28867,""adm2_name"":""Amador""},{""adm2_code"":28869,""adm2_name"":""Calaveras""}]",2016-04-07,2023-09-25
2016-0172-CAN,No,nat-cli-wil-for,Natural,Climatological,Wildfire,Forest fire,,Fort McMurray wildfires,CAN,Canada,Northern America,Americas,"Fort McMurray city (Wood Buffalo area, Division No. 16 district, Alberta province)",,Explosion,Yes,No,No,,6000,Km2,,,,2016,5,1,2016,7,4,,,88000,,88000,,,2900000,3681702,4000000,5078209,78.7679229975209,"[{""adm2_code"":12535,""adm2_name"":""Division No. 16""}]",2016-05-23,2023-09-25
2016-0206-USA,No,nat-cli-wil-for,Natural,Climatological,Wildfire,Forest fire,,,USA,United States of America,Northern America,Americas,California province,"Combination of heat, extented drought and gusty winds",,No,No,Yes,,,Km2,,,,2016,6,25,2016,6,26,,,36,855,891,,,,,150000,190433,78.7679229975209,"[{""adm1_code"":3218,""adm1_name"":""California""}]",2016-07-06,2023-09-25
2016-0264-USA,No,nat-cli-wil-for,Natural,Climatological,Wildfire,Forest fire,,Sand Fire,USA,United States of America,Northern America,Americas,"Los Angeles, San Francisco districts (California province)",Drought,,No,No,No,,,Km2,,,,2016,7,24,2016,8,1,2,,420,,420,,,,,50000,63478,78.7679229975209,"[{""adm2_code"":28883,""adm2_name"":""Los Angeles""},{""adm2_code"":28902,""adm2_name"":""San Francisco""}]",2016-08-03,2023-09-25
2016-0297-USA,No,nat-cli-wil-for,Natural,Climatological,Wildfire,Forest fire,,Clayton Fire,USA,United States of America,Northern America,Americas,"Lower Lake, Clearlake (Lake district, California province)",,,No,No,No,,,Km2,,,,2016,8,13,2016,8,16,,,,567,567,,,,,100000,126955,78.7679229975209,"[{""adm2_code"":28881,""adm2_name"":""Lake""}]",2016-08-16,2023-09-25
2016-0463-USA,No,nat-cli-wil-for,Natural,Climatological,Wildfire,Forest fire,,,USA,United States of America,Northern America,Americas,"Gatlinburg city (Sevier district, Tennessee province)",,,No,No,No,,,Km2,,,,2016,11,,2016,12,31,14,191,,6383,6574,,,600000,761731,1200000,1523463,78.7679229975209,"[{""adm2_code"":31182,""adm2_name"":""Sevier""}]",2016-12-01,2023-09-25
2017-0252-USA,No,nat-cli-wil-for,Natural,Climatological,Wildfire,Forest fire,,"Wall Fire, Alamo Fire, Whittier Fire",USA,United States of America,Northern America,Americas,"Butte (Oroville), San Luis Obispo, Santa Barbara (California)",Weather,,No,No,Yes,,190,Km2,,,,2017,7,6,2017,7,10,,,9,147,156,,,,,,,80.4457792619455,"[{""adm2_code"":28868,""adm2_name"":""Butte""},{""adm2_code"":28904,""adm2_name"":""San Luis Obispo""},{""adm2_code"":28906,""adm2_name"":""Santa Barbara""}]",2017-07-10,2023-09-25
2017-0271-CAN,No,nat-cli-wil-wil,Natural,Climatological,Wildfire,Wildfire (General),,"Gustafsen, Wildwood, Elephant Hill Fires",CAN,Canada,Northern America,Americas,"Cache Creek , Ashcroft, Boston flats (Thompson Nicola), 100 Mile House , Williams Lake (Cariboo) (British Columbia)",Weather,Heat wave,No,Yes,Yes,,500,Km2,,,,2017,7,7,2017,9,15,,,43441,,43441,78000,96960,,,,,80.4457792619455,"[{""adm2_code"":12542,""adm2_name"":""Cariboo""},{""adm2_code"":12566,""adm2_name"":""Thompson-Nicola""}]",2017-07-18,2023-09-25
2017-0434-USA,No,nat-cli-wil-lan,Natural,Climatological,Wildfire,"Land fire (Brush, Bush, Pasture)",GLIDE:WF-2017-000190,"Tubbs, Atlas, Nuns Fires",USA,United States of America,Northern America,Americas,"Napa, Sonoma, Mendocino, Lake, Solano, Butte, Yuba, Nevada, Humboldt, Calavaras, Orange counties (California)",,,No,No,No,,,Km2,,,,2017,6,1,2017,12,31,43,185,,9000,9185,,,9600000,11933504,13000000,16159953,80.4457792619455,"[{""adm2_code"":28868,""adm2_name"":""Butte""},{""adm2_code"":28869,""adm2_name"":""Calaveras""},{""adm2_code"":28876,""adm2_name"":""Humboldt""},{""adm2_code"":28881,""adm2_name"":""Lake""},{""adm2_code"":28887,""adm2_name"":""Mendocino""},{""adm2_code"":28892,""adm2_name"":""Napa""},{""adm2_code"":28893,""adm2_name"":""Nevada""},{""adm2_code"":28894,""adm2_name"":""Orange""},{""adm2_code"":28912,""adm2_name"":""Solano""},{""adm2_code"":28913,""adm2_name"":""Sonoma""},{""adm2_code"":28922,""adm2_name"":""Yuba""}]",2017-11-06,2025-03-12
2017-0511-USA,No,nat-cli-wil-wil,Natural,Climatological,Wildfire,Wildfire (General),,'Thomas',USA,United States of America,Northern America,Americas,"Ventura, Santa Barbara, Los Angeles, San Diego, Riverside counties (California)","Droght, winds",,No,No,Yes,,1101.5,Km2,,,,2017,12,4,2017,12,31,2,2,,2961,2963,,,1700000,2113225,2200000,2734761,80.4457792619455,"[{""adm2_code"":28883,""adm2_name"":""Los Angeles""},{""adm2_code"":28897,""adm2_name"":""Riverside""},{""adm2_code"":28901,""adm2_name"":""San Diego""},{""adm2_code"":28906,""adm2_name"":""Santa Barbara""},{""adm2_code"":28920,""adm2_name"":""Ventura""}]",2017-12-07,2023-09-25
2018-0258-USA,No,nat-cli-wil-for,Natural,Climatological,Wildfire,Forest fire,,Carr and Mendocino Complex fires,USA,United States of America,Northern America,Americas,"Shasta, Trinity, Mendocino, Lake, Colusa, and Glenn counties (California)",,Pollution,No,No,No,,,Km2,,,,2018,7,27,2018,8,31,14,,,3237,3237,,,,,1000000,1213435,82.4106679610351,"[{""adm2_code"":28870,""adm2_name"":""Colusa""},{""adm2_code"":28875,""adm2_name"":""Glenn""},{""adm2_code"":28881,""adm2_name"":""Lake""},{""adm2_code"":28887,""adm2_name"":""Mendocino""},{""adm2_code"":28909,""adm2_name"":""Shasta""},{""adm2_code"":28917,""adm2_name"":""Trinity""}]",2018-08-08,2023-09-25
2018-0299-CAN,No,nat-cli-wil-for,Natural,Climatological,Wildfire,Forest fire,,,CAN,Canada,Northern America,Americas,Colombie-Britannique,,Pollution,No,No,Yes,,,Km2,,,,2018,7,,2018,8,,,,3000,,3000,,,,,,,82.4106679610351,"[{""adm1_code"":826,""adm1_name"":""British Columbia / Colombie-Britannique""}]",2018-08-16,2023-09-25
2018-0409-USA,No,nat-cli-wil-for,Natural,Climatological,Wildfire,Forest fire,,Camp Fire,USA,United States of America,Northern America,Americas,Butte county (North California),,,No,No,Yes,,,Km2,,,,2018,6,1,2018,12,31,88,,250000,,250000,,,12500000,15167939,16500000,20021680,82.4106679610351,"[{""adm2_code"":28868,""adm2_name"":""Butte""}]",2018-11-09,2023-09-25
2018-0468-USA,No,nat-cli-wil-wil,Natural,Climatological,Wildfire,Wildfire (General),,Woolsey Fire,USA,United States of America,Northern America,Americas,"Thousand Oaks, Oak Park, Westlake Village, Agoura Hills, West Hills, Simi Valley, Chatsworth, Bell Canyon, Hidden Hills, Malibu and Calabasas (California)",,,No,No,No,,,Km2,,,,2018,11,8,2018,11,21,2,3,,,3,,,4000000,4853741,5200000,6309863,82.4106679610351,"[{""adm2_code"":28883,""adm2_name"":""Los Angeles""},{""adm2_code"":28920,""adm2_name"":""Ventura""}]",2019-01-08,2023-09-25
2019-0513-USA,No,nat-cli-wil-for,Natural,Climatological,Wildfire,Forest fire,,Saddleridge fire & Sandalwood fire,USA,United States of America,Northern America,Americas,Los Angeles and Riverside counties (California),,,No,No,No,,,Km2,,,,2019,10,10,2019,10,17,3,12,312,279,603,,,,,325000,387347,83.9041700601057,"[{""adm2_code"":28883,""adm2_name"":""Los Angeles""},{""adm2_code"":28897,""adm2_name"":""Riverside""}]",2019-10-28,2023-09-25
2019-0517-USA,No,nat-cli-wil-for,Natural,Climatological,Wildfire,Forest fire,,Kincade Fire,USA,United States of America,Northern America,Americas,"Los Angeles, San Bernardino, Ventura, Sonoma Counties (California)",,,No,No,Yes,,,Km2,,,,2019,10,26,2019,10,31,,2,660,,662,,,800000,953469,1300000,1549387,83.9041700601057,"[{""adm2_code"":28883,""adm2_name"":""Los Angeles""},{""adm2_code"":28900,""adm2_name"":""San Bernardino""},{""adm2_code"":28913,""adm2_name"":""Sonoma""},{""adm2_code"":28920,""adm2_name"":""Ventura""}]",2019-10-28,2023-09-25
2020-0441-USA,No,nat-cli-wil-for,Natural,Climatological,Wildfire,Forest fire,,August Complex fire,USA,United States of America,Northern America,Americas,"Californie, Washington, Oregon, Colorado",,,No,No,No,,,Km2,,,,2020,8,16,2020,10,1,32,,,,,,,7500000,8829846,11000000,12950440,84.9391981293886,"[{""adm1_code"":3218,""adm1_name"":""California""},{""adm1_code"":3219,""adm1_name"":""Colorado""},{""adm1_code"":3251,""adm1_name"":""Oregon""},{""adm1_code"":3261,""adm1_name"":""Washington""}]",2020-10-15,2023-09-25
2021-0357-USA,No,nat-cli-wil-wil,Natural,Climatological,Wildfire,Wildfire (General),,Telegraph and Mescal Fires,USA,United States of America,Northern America,Americas,"Pinas and Gila counties (Arizona); Montana, Utah",,,No,No,No,,,Km2,,,,2021,6,6,2021,7,4,,25,30,123,178,,,,,10000,11245,88.9294934772074,"[{""adm1_code"":3240,""adm1_name"":""Montana""},{""adm1_code"":3258,""adm1_name"":""Utah""},{""adm2_code"":28778,""adm2_name"":""Gila""},{""adm2_code"":28786,""adm2_name"":""Pinal""}]",2021-06-28,2023-09-25
2021-0367-CAN,No,nat-cli-wil-wil,Natural,Climatological,Wildfire,Wildfire (General),,,CAN,Canada,Northern America,Americas,Lytton (British Columbia),,Heat wave,No,No,No,,,Km2,,,,2021,6,30,2021,7,2,2,,250,,250,,,,,80912,90984,88.9294934772074,"[{""adm1_code"":826,""adm1_name"":""British Columbia / Colombie-Britannique""}]",2021-07-01,2025-03-18
2021-0410-USA,No,nat-cli-wil-wil,Natural,Climatological,Wildfire,Wildfire (General),,Bootleg Fire,USA,United States of America,Northern America,Americas,"Arizona, California, Oregon",,,No,No,No,,,Km2,,,,2021,7,6,2021,7,31,,,,483,483,,,,,325000,365458,88.9294934772074,"[{""adm1_code"":3216,""adm1_name"":""Arizona""},{""adm1_code"":3218,""adm1_name"":""California""},{""adm1_code"":3251,""adm1_name"":""Oregon""}]",2021-07-13,2023-09-25
2021-0433-USA,No,nat-cli-wil-for,Natural,Climatological,Wildfire,Forest fire,,Dixie fire,USA,United States of America,Northern America,Americas,Plumas County (California),"Heat, drought and winds",,No,No,No,,,Km2,,,,2021,7,13,2021,8,11,3,13,36,1212,1261,,,,,3000000,3373459,88.9294934772074,"[{""adm2_code"":28896,""adm2_name"":""Plumas""}]",2021-07-26,2023-09-25
2021-0526-USA,No,nat-cli-wil-for,Natural,Climatological,Wildfire,Forest fire,,Caldor fire,USA,United States of America,Northern America,Americas,El Dorado County (California),,,No,No,No,,,Km2,,,,2021,8,13,2021,8,31,,,55903,,55903,,,,,1500000,1686729,88.9294934772074,"[{""adm2_code"":28873,""adm2_name"":""El Dorado""}]",2021-08-19,2025-03-18
2021-0626-USA,No,nat-cli-wil-wil,Natural,Climatological,Wildfire,Wildfire (General),,Fawn fire,USA,United States of America,Northern America,Americas,Shasta County (north California State),,,No,No,No,,,Km2,,,,2021,9,22,2021,9,30,,,63,315,378,,,,,,,88.9294934772074,"[{""adm2_code"":28909,""adm2_name"":""Shasta""}]",2021-09-29,2023-09-25
2021-0832-USA,No,nat-cli-wil-wil,Natural,Climatological,Wildfire,Wildfire (General),,Middle Fork and the Marshall wildfires,USA,United States of America,Northern America,Americas,"Louisville, Superior (Boulder county, Colorado)",,,No,No,Yes,,,Km2,,,,2021,12,30,2022,1,1,2,,3273,381,3654,,,,,3300000,3710805,88.9294934772074,"[{""adm2_code"":154739,""adm2_name"":""Boulder""}]",2022-01-03,2025-03-18
2022-0132-USA,No,nat-cli-wil-wil,Natural,Climatological,Wildfire,Wildfire (General),,Adkins Ave Fire and Bertha Swamp Road Fires; Cottonwood Complex Fires,USA,United States of America,Northern America,Americas,"Calhoun and Gulf Counties (Florida); Reno, Harvey Counties (Kansas)","Prolonged period of dry conditions, steady winds, and abundant fuels",,No,No,No,,,Km2,,,,2022,3,4,2022,3,9,,,156,108,264,,,,,,,96.0463421255491,"[{""adm2_code"":29004,""adm2_name"":""Calhoun""},{""adm2_code"":29019,""adm2_name"":""Gulf""},{""adm2_code"":29605,""adm2_name"":""Harvey""},{""adm2_code"":29643,""adm2_name"":""Reno""}]",2022-03-16,2025-03-18
2022-0215-USA,No,nat-cli-wil-wil,Natural,Climatological,Wildfire,Wildfire (General),,"McBride, Nogal Canyon, Hermits Peak Fires",USA,United States of America,Northern America,Americas,"Lincoln, San Miguel Counties (New Mexico)","Ongoing severe drought, strong winds and low relative humidity",,No,No,No,,,Km2,,,,2022,4,12,2022,5,,2,49,600,,649,,,,,155000,161380,96.0463421255491,"[{""adm2_code"":28787,""adm2_name"":""Santa Cruz""},{""adm2_code"":30486,""adm2_name"":""Lincoln""},{""adm2_code"":30496,""adm2_name"":""San Miguel""}]",2022-04-15,2023-09-25
2022-0246-USA,No,nat-cli-wil-wil,Natural,Climatological,Wildfire,Wildfire (General),,Calf Canyon and Hermits Peak Fires,USA,United States of America,Northern America,Americas,"Mora, Colfax, Lincoln, San Miguel, Valencia Counties (New Mexico); Colorado, Nebraska","Hot and dry conditions, severe drought, and very high winds",,No,No,Yes,,,Km2,,,,2022,4,6,2022,6,14,,138,756,,894,,,,,,,96.0463421255491,"[{""adm1_code"":3219,""adm1_name"":""Colorado""},{""adm1_code"":3241,""adm1_name"":""Nebraska""},{""adm2_code"":30476,""adm2_name"":""Colfax""},{""adm2_code"":30486,""adm2_name"":""Lincoln""},{""adm2_code"":30490,""adm2_name"":""Mora""},{""adm2_code"":30496,""adm2_name"":""San Miguel""},{""adm2_code"":30504,""adm2_name"":""Valencia""}]",2022-04-29,2023-09-25
2022-0486-USA,No,nat-cli-wil-wil,Natural,Climatological,Wildfire,Wildfire (General),,McKinney & Yeti Complex fires,USA,United States of America,Northern America,Americas,Siskiyou County (California),"Vague de chaleur, de forts vents et des orages",Heat wave,No,No,No,,,Km2,,,,2022,7,29,2022,8,1,4,7,33,555,595,,,,,151000,157216,96.0463421255491,"[{""adm2_code"":28911,""adm2_name"":""Siskiyou""}]",2022-08-02,2025-03-18
2023-0280-CAN,No,nat-cli-wil-for,Natural,Climatological,Wildfire,Forest fire,GLIDE:WF-2023-000074,,CAN,Canada,Northern America,Americas,"Alberta, British Columbia, Nova Scotia, Ontario, Québec, Saskatchewan",Dry conditions and high winds,Heat wave|Pollution,No,No,Yes,,,Km2,,,,2023,5,6,2023,7,,2,,30000,,30000,,,100000,100000,200000,200000,100,"[{""adm1_code"":825,""adm1_name"":""Alberta""},{""adm1_code"":826,""adm1_name"":""British Columbia / Colombie-Britannique""},{""adm1_code"":831,""adm1_name"":""Nova Scotia / Nouvelle-Écosse""},{""adm1_code"":833,""adm1_name"":""Ontario""},{""adm1_code"":835,""adm1_name"":""Quebec / Québec""},{""adm1_code"":836,""adm1_name"":""Saskatchewan""}]",2023-05-08,2025-03-12
2023-0524-USA,No,nat-cli-wil-wil,Natural,Climatological,Wildfire,Wildfire (General),,'Lahaina' wildfire,USA,United States of America,Northern America,Americas,Maui and Kula City (Hawai),,,No,No,Yes,,,Km2,,,,2023,8,9,2023,8,10,128,,7695,,7695,,,3500000,3500000,5500000,5500000,100,"[{""adm1_code"":3225,""adm1_name"":""Hawaii""}]",2023-08-09,2024-01-16
2023-0534-USA,No,nat-cli-wil-wil,Natural,Climatological,Wildfire,Wildfire (General),,Gray fire and the Oregon fire,USA,United States of America,Northern America,Americas,Spokane County (eastern Washington State),,,No,No,No,,,Km2,,,,2023,8,,2023,8,22,2,1,720,81,802,,,,,,,100,,2023-08-23,2023-09-26
2024-0126-USA,No,nat-cli-wil-wil,Natural,Climatological,Wildfire,Wildfire (General),,"Smokehouse Creek, Windy Deuce and Grape Vine Creek fires",USA,United States of America,Northern America,Americas,"Texas, Oklahoma",Hot and windy conditions,,No,No,Yes,,,Km2,,,,2024,2,26,2024,3,7,2,,300,39,339,,,,,610000,,,,2024-03-11,2025-01-22
2024-0288-CAN,No,nat-cli-wil-for,Natural,Climatological,Wildfire,Forest fire,,,CAN,Canada,Northern America,Americas,"Fort Nelson, Carpenter Lake, Fontas, and Doig River First Nation reserve (British Columbia); Alberta, Manitoba Provinces",,,No,No,No,,,Km2,,,,2024,5,12,2024,5,13,,,3500,,3500,,,,,,,,,2024-05-13,2024-06-12
2024-0403-USA,No,nat-cli-wil-for,Natural,Climatological,Wildfire,Forest fire,,' South Fork' and 'Salt' fires,USA,United States of America,Northern America,Americas,"Otero and Lincoln Counties (New Mexico); California, Washington states",,,No,No,Yes,,,Km2,,,,2024,6,17,2024,7,15,2,2,1500,,1502,,,800000,,1200000,,,,2024-06-21,2024-08-05
2024-0463-CAN,No,nat-cli-wil-wil,Natural,Climatological,Wildfire,Wildfire (General),,,CAN,Canada,Northern America,Americas,Quebec province,,,No,No,Yes,,,Km2,,,,2024,6,21,2024,6,25,,,,,,,,,,,,,,2024-07-11,2025-03-18
2024-0524-CAN,No,nat-cli-wil-wil,Natural,Climatological,Wildfire,Wildfire (General),,Jasper Complex Fire,CAN,Canada,Northern America,Americas,National park Jasper (Alberta province); Colombie-Britannique,"Warm temperatures, dry conditions, and strong winds, lightenings",,No,No,Yes,,,Km2,,,,2024,7,22,2024,8,7,1,,,,,,,800000,,1000000,,,,2024-07-25,2025-01-09
2024-0669-USA,No,nat-cli-wil-wil,Natural,Climatological,Wildfire,Wildfire (General),,"'Brige fire', 'Airport fire'",USA,United States of America,Northern America,Americas,"Los Angeles, Orange, Riverside, San Bernardino counties (California); Grant, Crook, and Wheeler Counties (Oregon); Nevada",,Heat wave,No,No,Yes,,,Km2,,,,2024,9,4,2024,9,19,,33,,99,132,,,,,,,,,2024-09-24,2024-10-21
2024-0827-USA,No,nat-cli-wil-wil,Natural,Climatological,Wildfire,Wildfire (General),,'Mountain fire',USA,United States of America,Northern America,Americas,Ventura county (California),,,No,No,Yes,,,Km2,,,,2024,11,6,2024,11,8,,6,381,729,1116,,,,,100000,,,,2024-11-08,2024-11-15
2024-0897-USA,No,nat-cli-wil-wil,Natural,Climatological,Wildfire,Wildfire (General),,'Franklin',USA,United States of America,Northern America,Americas,"Near Malibu city, Santa Monica mountains (Los Angeles County, California)",,,No,No,No,,,Km2,,,,2024,12,9,2024,12,11,,,90,60,150,,,,,,,,,2024-12-11,2025-03-18